timestamp,steering_angle_pred,steering_angle_real,throttle,speed,error,response_time,collision_flag,distance,average_speed
2025-04-01 14:06:40.987310,-0.06913580000400543,0.0,0.9952202411328062,0.0001,0.06913580000400543,0.11002492904663086,0,0.0,0.0001
2025-04-01 14:06:41.020979,-0.06913580000400543,0.0,0.9952202411328062,0.0001,0.06913580000400543,0.03042888641357422,0,5.066032829284668e-06,0.0001
2025-04-01 14:06:41.056531,-0.06815923750400543,0.0,0.9953435927178725,0.0655,0.06815923750400543,0.03257107734680176,0,0.0009834620684432984,0.021900000000000003
2025-04-01 14:06:41.090173,-0.06815923750400543,0.0,0.9953435927178725,0.0655,0.06815923750400543,0.030516862869262695,0,0.0020285980225753786,0.0328
2025-04-01 14:06:41.122785,-0.06815923750400543,0.0,0.9953435927178725,0.0655,0.06815923750400543,0.02971506118774414,0,0.0030068474537658695,0.03934
2025-04-01 14:06:41.156126,-0.06815923750400543,0.0,0.9953435927178725,0.0655,0.06815923750400543,0.030322790145874023,0,0.003966275669441224,0.043699999999999996
2025-04-01 14:06:41.191127,-0.06815923750400543,0.0,0.9953435927178725,0.0655,0.06815923750400543,0.03202199935913086,0,0.004941216029357911,0.04681428571428571
2025-04-01 14:06:41.225067,-0.06898024678230286,-1.7284,0.9928880203288526,0.9703,1.659419753217697,0.030931949615478516,0,0.020135158401710512,0.16225
2025-04-01 14:06:41.259004,-0.0682860016822815,-1.7284,0.9929833167492474,0.9703,1.6601139983177184,0.030915021896362305,0,0.03486093139420319,0.25203333333333333
2025-04-01 14:06:41.293430,-0.0692625641822815,-1.704,0.9876554315778954,1.7375,1.6347374358177185,0.03140711784362793,0,0.061223089961631776,0.40058
2025-04-01 14:06:41.326300,-0.07017573714256287,-1.704,0.982654263416498,2.229,1.633824262857437,0.029839038848876953,0,0.09551005834435272,0.5668
2025-04-01 14:06:41.359215,-0.06788988411426544,-1.704,0.9803369006099516,2.4539,1.6361101158857345,0.02989506721496582,0,0.1315682270093689,0.7240583333333334
2025-04-01 14:06:41.394509,-0.06954486668109894,-1.704,0.9738109958933082,2.9225,1.634455133318901,0.032289981842041016,0,0.17451335735814666,0.8931692307692308
2025-04-01 14:06:41.427240,-0.06858125329017639,-1.704,0.9703768320971486,3.1572,1.6354187467098236,0.029714107513427734,0,0.22436085069963835,1.0548857142857142
2025-04-01 14:06:41.460471,-0.06669439375400543,-1.7245,0.9581773022167857,3.8665,1.6578056062459945,0.03008890151977539,0,0.281181444643425,1.2423266666666666
2025-04-01 14:06:41.493413,-0.07130785286426544,-1.7245,0.9575406344948882,3.8665,1.6531921471357345,0.030014991760253906,0,0.33823817290930175,1.4063374999999998
2025-04-01 14:06:41.525585,-0.06721436977386475,-1.7316,0.9434754259959022,4.561,1.6643856302261353,0.02932906150817871,0,0.40523618992720034,1.591905882352941
2025-04-01 14:06:41.559295,-0.0682067722082138,-1.7544,0.9323769526249368,5.0188,1.6861932277917862,0.03065180778503418,0,0.47787577365412903,1.7822888888888886
2025-04-01 14:06:41.593753,-0.06944979727268219,-1.6972,0.9263780586337833,5.2459,1.6277502027273179,0.031481027603149414,0,0.5567863218845597,1.9645842105263156
2025-04-01 14:06:41.626123,-0.06825430691242218,-1.7386,0.9141875839629049,5.6975,1.6703456930875777,0.029458045959472656,0,0.6443651876268617,2.1512299999999995
2025-04-01 14:06:41.658579,-0.06952902674674988,-1.7145,0.9007692968396497,6.1448,1.64497097325325,0.029506206512451172,0,0.7334001676513978,2.3413999999999997
2025-04-01 14:06:41.690427,-0.06938642263412476,-1.6674,0.8939024618540385,6.365,1.5980135773658752,0.02901601791381836,0,0.8253584429931947,2.524290909090909
2025-04-01 14:06:41.722995,-0.06862878799438477,-1.7827,0.8796016725584218,6.8026,1.7140712120056152,0.029542207717895508,0,0.9228566228966524,2.710304347826087
2025-04-01 14:06:41.756107,-0.06856541335582733,-1.6804,0.8721644650663446,7.0181,1.6118345866441726,0.030012130737304688,0,1.0252850486725236,2.889795833333333
2025-04-01 14:06:41.790444,-0.06957654654979706,-1.7052,0.8566188200702038,7.4442,1.635623453450203,0.03128409385681152,0,1.1352343651171037,3.0719719999999997
2025-04-01 14:06:41.824607,-0.06911996006965637,-1.7362,0.8406161911199691,7.864,1.6670800399303436,0.03109884262084961,0,1.2560392153551407,3.256280769230769
2025-04-01 14:06:41.857038,-0.06927840411663055,-1.7064,0.8323761474980529,8.0703,1.6371215958833694,0.029376983642578125,0,1.3792467987653962,3.4345777777777777
2025-04-01 14:06:41.891270,-0.06834937632083893,-1.7382,0.8156498695315524,8.4777,1.669850623679161,0.031160831451416016,0,1.5022360962466736,3.6146892857142854
2025-04-01 14:06:41.922785,-0.06857119500637054,-1.7382,0.8070027463153984,8.6786,1.6696288049936294,0.028497934341430664,0,1.6347850429211426,3.7893068965517243
2025-04-01 14:06:41.956742,-0.06998850405216217,-1.7157,0.7892533822755405,9.0741,1.6457114959478378,0.031061887741088867,0,1.762219481872467,3.9654666666666665
2025-04-01 14:06:41.989386,-0.06888806819915771,-1.7141,0.7714450168347882,9.4617,1.6452119318008422,0.029667139053344727,0,1.9061620264316712,4.1427645161290325
2025-04-01 14:06:42.022665,-0.06961113214492798,-1.7394,0.7622901366815014,9.6512,1.669788867855072,0.03016805648803711,0,2.0475777961836243,4.314903125
2025-04-01 14:06:42.056686,-0.06852366030216217,-1.728,0.7440980559537939,10.0241,1.6594763396978378,0.031202077865600586,0,2.195384910438118,4.487909090909091
2025-04-01 14:06:42.088763,-0.07002018392086029,-1.732,0.725268871343689,10.389,1.6619798160791397,0.029031038284301758,0,2.354312715389366,4.661470588235295
2025-04-01 14:06:42.121605,-0.07022616267204285,-1.7087,0.7063178900513598,10.7471,1.6384738373279573,0.029794931411743164,0,2.5085813560767214,4.835345714285714
2025-04-01 14:06:42.154512,-0.06940515339374542,-1.7143,0.6969850190573907,10.9215,1.6448948466062545,0.029948949813842773,0,2.668595269587769,5.0044055555555556
2025-04-01 14:06:42.189207,-0.06786397099494934,-1.7497,0.6781439189407966,11.265,1.6818360290050507,0.03179001808166504,0,2.83396967488295,5.173610810810811
2025-04-01 14:06:42.222487,-0.06811748445034027,-1.7222,0.6648097540871577,11.4987,1.6540825155496597,0.03034234046936035,0,3.012324461128914,5.340060526315789
2025-04-01 14:06:42.255059,-0.0684761255979538,-1.7403,0.6391348121980932,11.9361,1.6718238744020462,0.029530763626098633,0,3.190572294987435,5.509189743589744
2025-04-01 14:06:42.288776,-0.06871378421783447,-1.7131,0.6362976933584648,11.983,1.6443862157821656,0.030866146087646484,0,3.3640005392569967,5.671035000000001
2025-04-01 14:06:42.320895,-0.06920495629310608,-1.7131,0.6194171536244693,12.2604,1.643895043706894,0.02910780906677246,0,3.5497818991030967,5.831751219512196
2025-04-01 14:06:42.353795,-0.07063522934913635,-1.7557,0.6085246419747949,12.4336,1.6850647706508637,0.029937028884887695,0,3.728014145804513,5.988938095238096
2025-04-01 14:06:42.385419,-0.0696716159582138,-1.7557,0.5882422138297712,12.7578,1.6860283840417862,0.02873396873474121,0,3.9151946315692987,6.146353488372093
2025-04-01 14:06:42.418540,-0.06959529221057892,-1.6966,0.5766639472021242,12.9382,1.6270047077894212,0.030233144760131836,0,4.098074579283731,6.3007136363636365
2025-04-01 14:06:42.450716,-0.06899610161781311,-1.6966,0.5767469898615445,12.9382,1.627603898382187,0.02922511100769043,0,4.290013096106179,6.448213333333333
2025-04-01 14:06:42.482901,-0.06756004691123962,-1.7119,0.5398443894363512,13.4995,1.6443399530887604,0.029200077056884766,0,4.484293052843087,6.601502173913044
2025-04-01 14:06:42.514434,-0.06999857723712921,-1.7119,0.5471711735597775,13.3855,1.6419014227628708,0.028627872467041016,0,4.676572843702767,6.74584255319149
2025-04-01 14:06:42.548637,-0.06837816536426544,-1.7301,0.5232729829014171,13.7412,1.6617218346357345,0.03132891654968262,0,4.870170407037942,6.891579166666666
2025-04-01 14:06:42.585561,-0.06979548931121826,-1.7659,0.5095286671718077,13.937,1.6961045106887818,0.03396415710449219,0,5.083766608230951,7.035363265306122
2025-04-01 14:06:42.618394,-0.06776313483715057,-1.7418,0.4796687350570422,14.363,1.6740368651628494,0.02981877326965332,0,5.321101392462899,7.181916
2025-04-01 14:06:42.652254,-0.06574952602386475,-1.7418,0.4975092437276372,14.1162,1.6760504739761353,0.030968904495239258,0,5.527347003194008,7.317882352941176
2025-04-01 14:06:42.685152,-0.06744913756847382,-1.7249,0.45178033824126906,14.7468,1.6574508624315263,0.02994394302368164,0,5.751166187788704,7.460746153846154
2025-04-01 14:06:42.717934,-0.06962408125400543,-1.7249,0.4514822117095356,14.7468,1.6552759187459947,0.029844999313354492,0,5.967871618761757,7.598218867924528
2025-04-01 14:06:42.751494,-0.06894567608833313,-1.75,0.44256576312372264,14.8685,1.6810543239116669,0.030554771423339844,0,6.186279866082657,7.732853703703704
2025-04-01 14:06:42.783863,-0.06867632269859314,-1.7095,0.4314627883005987,15.0176,1.6408236773014069,0.029520034790039062,0,6.4106765524776765,7.865303636363636
2025-04-01 14:06:42.817202,-0.06804832816123962,-1.7449,0.40416221503446015,15.378,1.6768516718387603,0.030376195907592773,0,6.633866254576676,7.999458928571428
2025-04-01 14:06:42.849021,-0.06825430691242218,-1.6941,0.3902129395879048,15.558,1.6258456930875778,0.029082775115966797,0,6.864177079975388,8.132064912280702
2025-04-01 14:06:42.882914,-0.06919917464256287,-1.6437,0.38308518600378805,15.6477,1.574500825357437,0.03096175193786621,0,7.088000582414086,8.261644827586206
2025-04-01 14:06:42.915980,-0.0689644068479538,-1.6862,0.3835478584881098,15.6422,1.6172355931520461,0.03018331527709961,0,7.3247294656024255,8.386738983050847
2025-04-01 14:06:42.951205,-0.0687742829322815,-1.7406,0.37833839550715054,15.709,1.6718257170677184,0.0321500301361084,0,7.557407870052652,8.508776666666666
2025-04-01 14:06:42.985855,-0.0703500360250473,-1.7406,0.35545880740627467,15.9949,1.6702499639749526,0.031514883041381836,0,7.810645925954279,8.631499999999999
2025-04-01 14:06:43.019703,-0.0684790164232254,-1.7169,0.3463756550847077,16.1113,1.6484209835767747,0.030802011489868164,0,8.059553596370622,8.75214193548387
2025-04-01 14:06:43.052459,-0.07017573714256287,-1.7012,0.33165697089149804,16.2901,1.6310242628574372,0.029915809631347656,0,8.304546008252526,8.871792063492064
2025-04-01 14:06:43.084842,-0.06874258816242218,-1.7064,0.33806428734773164,16.2137,1.6376574118375777,0.029471158981323242,0,8.542640028986488,8.986509375
2025-04-01 14:06:43.118351,-0.06626948714256287,-1.73,0.3339481244488618,16.2685,1.6637305128574371,0.030370235443115234,0,8.779626238153016,9.098540000000002
2025-04-01 14:06:43.151204,-0.068584144115448,-1.7241,0.31895445517595145,16.448,1.655515855884552,0.029994964599609375,0,9.024069239486023,9.209895454545455
2025-04-01 14:06:43.184363,-0.07088583707809448,-1.7194,0.3141109270767378,16.5029,1.6485141629219056,0.030297279357910156,0,9.266424159333267,9.318746268656716
2025-04-01 14:06:43.218098,-0.06898024678230286,-1.7588,0.2933077513288527,16.7563,1.689819753217697,0.030839920043945312,0,9.515163231870094,9.42812205882353
2025-04-01 14:06:43.251588,-0.06811459362506866,-1.712,0.2872129069102918,16.8303,1.6438854063749313,0.030488014221191406,0,9.769731095814903,9.5354
2025-04-01 14:06:43.285011,-0.06890392303466797,-1.712,0.2967491141654326,16.7153,1.643096076965332,0.03062605857849121,0,10.018322967672935,9.63797
2025-04-01 14:06:43.317314,-0.06980125606060028,-1.7186,0.2840234917523624,16.8654,1.6487987439393996,0.02933192253112793,0,10.271582836351662,9.739764788732394
2025-04-01 14:06:43.349983,-0.06984879076480865,-1.7186,0.28026780632869386,16.9098,1.6487512092351913,0.029588937759399414,0,10.516824198116433,9.839348611111111
2025-04-01 14:06:43.383674,-0.06984879076480865,-1.7146,0.26127192392869414,17.133,1.6447512092351912,0.030633926391601562,0,10.766573562066629,9.939261643835616
2025-04-01 14:06:43.416464,-0.06810164451599121,-1.7146,0.25646719791421746,17.1918,1.6464983554840087,0.02981710433959961,0,11.024932721281061,10.03726891891892
2025-04-01 14:06:43.448672,-0.06810164451599121,-1.7245,0.2652773635142177,17.089,1.6563983554840087,0.029271841049194336,0,11.275133527520685,10.131292
2025-04-01 14:06:43.481136,-0.06988336145877838,-1.7029,0.24397342656622167,17.3337,1.6330166385412217,0.029539108276367188,0,11.524708457147227,10.22606052631579
2025-04-01 14:06:43.514375,-0.06971196830272675,-1.7226,0.2524496194503595,17.2359,1.6528880316972732,0.030364990234375,0,11.774392639459757,10.317097402597403
2025-04-01 14:06:43.546372,-0.06903643906116486,-1.745,0.24326750448175416,17.3432,1.6759635609388353,0.028995990753173828,0,12.033300560699686,10.407175641025642
2025-04-01 14:06:43.579199,-0.06889384984970093,-1.7462,0.2397710732278867,17.3837,1.677306150150299,0.029799938201904297,0,12.28187970936146,10.495486075949367
2025-04-01 14:06:43.611838,-0.06810453534126282,-1.7462,0.22571525524095082,17.5459,1.6780954646587372,0.029616117477416992,0,12.539519914183902,10.58361625
2025-04-01 14:06:43.645371,-0.06968027353286743,-1.7025,0.22249486945538466,17.5801,1.6328197264671325,0.0305330753326416,0,12.795865393993244,10.669992592592592
2025-04-01 14:06:43.677359,-0.06881174445152283,-1.7025,0.22943868060053818,17.5023,1.633688255548477,0.0291750431060791,0,13.05671938770193,10.753313414634146
2025-04-01 14:06:43.709400,-0.0696457028388977,-1.7471,0.22232387505107587,17.5821,1.6774542971611024,0.02916407585144043,0,13.308643407329273,10.835587951807229
2025-04-01 14:06:43.740671,-0.06816501915454865,-1.7428,0.21415386913866008,17.6771,1.6746349808454513,0.028393030166625977,0,13.56171007615826,10.917034523809523
2025-04-01 14:06:43.775922,-0.06849196553230286,-1.7428,0.20897442063252192,17.7351,1.674308034467697,0.03225898742675781,0,13.810594124173464,10.997247058823529
2025-04-01 14:06:43.810343,-0.06931297481060028,-1.7223,0.20605663929790508,17.7667,1.6529870251893997,0.03135395050048828,0,14.091128515725078,11.075961627906976
2025-04-01 14:06:43.842880,-0.06904362142086029,-1.7223,0.21043188624109277,17.7178,1.6532563785791397,0.029628276824951172,0,14.36250246433752,11.15230459770115
2025-04-01 14:06:43.876618,-0.06920206546783447,-1.742,0.1995916735099854,17.8395,1.6727979345321655,0.030869007110595703,0,14.621801401584301,11.228295454545455
2025-04-01 14:06:43.910421,-0.06677649915218353,-1.742,0.1999214985359783,17.8395,1.6752235008478165,0.030755043029785156,0,14.891633989764157,11.302578651685394
2025-04-01 14:06:43.943887,-0.06658637523651123,-1.7411,0.19948295940786254,17.8447,1.6745136247634889,0.030421018600463867,0,15.161672660565541,11.37526888888889
2025-04-01 14:06:43.976767,-0.06882180273532867,-1.7411,0.19918026424325952,17.8447,1.6722781972646714,0.029924869537353516,0,15.428147104681088,11.44636153846154
2025-04-01 14:06:44.009447,-0.07266467809677124,-1.7123,0.19007496415709257,17.9404,1.6396353219032287,0.02967691421508789,0,15.692191945543605,11.51694891304348
2025-04-01 14:06:44.040939,-0.06845739483833313,-1.7328,0.1886401625919486,17.963,1.6643426051616668,0.02866220474243164,0,15.953195984216777,11.586261290322582
2025-04-01 14:06:44.072328,-0.06875842809677124,-1.7261,0.19167656934066113,17.9287,1.6573415719032287,0.028636932373046875,0,16.20508735670702,11.653734042553191
2025-04-01 14:06:44.105503,-0.0701598972082138,-1.7301,0.18860174722373302,17.9608,1.6599401027917862,0.030186176300048828,0,16.458873111280443,11.720124210526317
2025-04-01 14:06:44.138028,-0.0684761255979538,-1.7301,0.18417662332309337,18.0126,1.6616238744020462,0.029691219329833984,0,16.72479459195737,11.785670833333334
2025-04-01 14:06:44.172759,-0.06817509233951569,-1.6647,0.1821540061594985,18.0355,1.5965249076604844,0.03186607360839844,0,16.98736915324628,11.85010206185567
2025-04-01 14:06:44.207232,-0.06908826529979706,-1.6647,0.18016994357286475,18.0561,1.595611734700203,0.031478166580200195,0,17.26868771518979,11.913428571428572
2025-04-01 14:06:44.240091,-0.06908826529979706,-1.8166,0.18268682349786503,18.0282,1.747511734700203,0.029909133911132812,0,17.546153251776964,11.97519393939394
2025-04-01 14:06:44.272989,-0.0707274079322815,-1.8166,0.1808433207421808,18.0461,1.7458725920677185,0.0299069881439209,0,17.811642216395853,12.035903000000001
2025-04-01 14:06:44.305967,-0.0707274079322815,-1.719,0.17682311286718078,18.0906,1.6482725920677186,0.03003692626953125,0,18.07728453462417,12.095850495049506
2025-04-01 14:06:44.339238,-0.06906953454017639,-1.719,0.17536253317340322,18.1093,1.6499304654598237,0.030133962631225586,0,18.34577238612459,12.154805882352942
2025-04-01 14:06:44.372210,-0.06906953454017639,-1.7119,0.17765175939840339,18.084,1.6428304654598236,0.029762983322143555,0,18.61536734244295,12.21237087378641
2025-04-01 14:06:44.404674,-0.06931008398532867,-1.7119,0.17637924903294677,18.0977,1.6425899160146713,0.02947521209716797,0,18.880375148093066,12.26896057692308
2025-04-01 14:06:44.437004,-0.067119300365448,-1.7272,0.1719115242934527,18.1503,1.660080699634552,0.029461145401000977,0,19.142731042057672,12.324973333333336
2025-04-01 14:06:44.468672,-0.06848907470703125,-1.7272,0.17392049362077466,18.1261,1.6587109252929688,0.028875112533569336,0,19.40419426228431,12.379700943396228
2025-04-01 14:06:44.502474,-0.07039178907871246,-1.7682,0.1728947704052981,18.1345,1.6978082109212875,0.03069281578063965,0,19.663362621193308,12.433484112149534
2025-04-01 14:06:44.536446,-0.06941522657871246,-1.7682,0.1694094879190261,18.1744,1.6987847734212875,0.030930042266845703,0,19.93741619748652,12.486640740740743
2025-04-01 14:06:44.571660,-0.07081669569015503,-1.7267,0.1683767232115282,18.1836,1.6558833043098449,0.03217816352844238,0,20.213606637351845,12.538906422018352
2025-04-01 14:06:44.604196,-0.06952613592147827,-1.7267,0.16761202642382822,18.194,1.6571738640785216,0.02947402000427246,0,20.500263641582343,12.590316363636365
2025-04-01 14:06:44.639168,-0.06873969733715057,-1.7328,0.1698662636099969,18.1704,1.6640603026628493,0.032067060470581055,0,20.763055322327826,12.64058738738739
2025-04-01 14:06:44.671833,-0.06747794151306152,-1.678,0.1691929971841598,18.1797,1.6105220584869384,0.02956080436706543,0,21.04899873638542,12.690043750000001
2025-04-01 14:06:44.704228,-0.06788988411426544,-1.7122,0.1662168155349516,18.2118,1.6443101158857345,0.029417037963867188,0,21.31409730414668,12.738908849557523
2025-04-01 14:06:44.736024,-0.06965288519859314,-1.7598,0.16521836555851166,18.2201,1.690147114801407,0.02883291244506836,0,21.577681571315903,12.786989473684212
2025-04-01 14:06:44.768787,-0.0683969110250473,-1.7354,0.16467190256223163,18.228,1.6670030889749528,0.02988910675048828,0,21.836155967234788,12.834302608695655
2025-04-01 14:06:44.803404,-0.06749667227268219,-1.7704,0.16720769360711418,18.2015,1.7029033277273178,0.031744956970214844,0,22.1025052578665,12.880571551724138
2025-04-01 14:06:44.837759,-0.06817509233951569,-1.7704,0.1668790147594984,18.2041,1.7022249076604843,0.03131389617919922,0,22.385741648678117,12.926071794871795
2025-04-01 14:06:44.870108,-0.06913580000400543,-1.7185,0.16627372493280623,18.2093,1.6493641999959945,0.029347896575927734,0,22.664814426634912,12.970844915254238
2025-04-01 14:06:44.904575,-0.06814628839492798,-1.6869,0.16580855135299521,18.2159,1.618753711605072,0.03139615058898926,0,22.928970862358284,13.01492100840336
2025-04-01 14:06:44.937209,-0.06884053349494934,-1.6972,0.16275072454813078,18.2484,1.6283594665050507,0.02952098846435547,0,23.210611182801554,13.058533333333333
2025-04-01 14:06:44.972234,-0.06917038559913635,-1.7413,0.16240407553106684,18.2517,1.6721296144008637,0.032012939453125,0,23.47601431698405,13.101452066115701
2025-04-01 14:06:45.005015,-0.06810164451599121,-1.7099,0.1650402776142177,18.2244,1.6417983554840088,0.02978205680847168,0,23.761207886122385,13.143443442622951
2025-04-01 14:06:45.038137,-0.06991216540336609,-1.6874,0.16451701222861237,18.2274,1.617487834596634,0.030181169509887695,0,24.028068286308482,13.184776422764227
2025-04-01 14:06:45.073332,-0.06843437254428864,-1.7044,0.16433864025446943,18.2316,1.6359656274557113,0.03217625617980957,0,24.29850148905424,13.225476612903226
2025-04-01 14:06:45.105928,-0.06761625409126282,-1.7284,0.16145727378266594,18.2644,1.6607837459087371,0.029448270797729492,0,24.58695096651371,13.265788
2025-04-01 14:06:45.139676,-0.07018440961837769,-1.7037,0.1607289180215199,18.2685,1.6335155903816223,0.03095388412475586,0,24.850061316450425,13.305492063492062
2025-04-01 14:06:45.172479,-0.06876997649669647,-1.721,0.16056004970764381,18.2725,1.6522300235033036,0.029764175415039062,0,25.128003248593636,13.344602362204725
2025-04-01 14:06:45.205051,-0.06803108751773834,-1.721,0.1636824902311539,18.2394,1.6529689124822617,0.029668092727661133,0,25.394304502897743,13.38284296875
2025-04-01 14:06:45.237022,-0.06712797284126282,-1.7293,0.16369511436222262,18.2406,1.6621720271587372,0.02897787094116211,0,25.660582450839563,13.4205
2025-04-01 14:06:45.269230,-0.06712797284126282,-1.7478,0.16038115123722263,18.2769,1.6806720271587372,0.029269933700561523,0,25.921361248629402,13.457856923076923
2025-04-01 14:06:45.301066,-0.07002885639667511,-1.7478,0.15969081924677375,18.2801,1.677771143603325,0.028986215591430664,0,26.183613838924742,13.494667938931299
2025-04-01 14:06:45.333973,-0.06952761113643646,-1.7109,0.1594774056896603,18.2832,1.6413723888635636,0.029762983322143555,0,26.446255817784607,13.530944696969698
2025-04-01 14:06:45.369106,-0.06908686459064484,-1.7546,0.15935565754103398,18.2852,1.685513135409355,0.0320277214050293,0,26.71518829430356,13.56669097744361
2025-04-01 14:06:45.401112,-0.06833212077617645,-1.7192,0.15934965887023,18.2864,1.6508678792238236,0.02923870086669922,0,26.99949859002646,13.601912686567164
2025-04-01 14:06:45.434825,-0.0691027045249939,-1.7008,0.16279667560233146,18.2475,1.6316972954750062,0.030690908432006836,0,27.262784926663002,13.636324444444444
2025-04-01 14:06:45.465622,-0.06808149814605713,-1.6782,0.16274515921018828,18.2496,1.6101185018539428,0.028046846389770508,0,27.535589715242835,13.670245588235295
2025-04-01 14:06:45.499289,-0.06833501160144806,-1.6782,0.16254632128942992,18.2514,1.6098649883985519,0.030688762664794922,0,27.788783785106453,13.703684671532848
2025-04-01 14:06:45.532368,-0.06724753975868225,-1.6782,0.1626937634964044,18.2514,1.6109524602413177,0.03018498420715332,0,28.062897422167733,13.736639130434785
2025-04-01 14:06:45.565162,-0.06798931956291199,-1.7507,0.1626116988253722,18.2512,1.682710680437088,0.029925107955932617,0,28.332298578330942,13.769117985611512
2025-04-01 14:06:45.597058,-0.06900046765804291,-1.7382,0.16307536256297162,18.2446,1.669199532341957,0.029052019119262695,0,28.599630532162227,13.801085714285716
2025-04-01 14:06:45.630247,-0.06992949545383453,-1.7083,0.16331114476557207,18.2406,1.6383705045461654,0.030452966690063477,0,28.858781294639474,13.832571631205676
2025-04-01 14:06:45.662815,-0.06838542222976685,-1.7276,0.1640536064264565,18.2348,1.6592145777702332,0.02964186668395996,0,29.130950876596263,13.863573239436622
2025-04-01 14:06:45.695954,-0.06684425473213196,-1.702,0.15906612338430592,18.2917,1.635155745267868,0.030241966247558594,0,29.396797242080034,13.894539160839162
2025-04-01 14:06:45.729373,-0.06715825200080872,-1.702,0.15936240918819589,18.288,1.6348417479991912,0.0304720401763916,0,29.668287295747025,13.925049305555557
2025-04-01 14:06:45.764273,-0.06715825200080872,-1.6812,0.1646392890881958,18.2302,1.6140417479991913,0.032083988189697266,0,29.93963626901959,13.954740000000001
2025-04-01 14:06:45.797220,-0.06845457851886749,-1.6997,0.15951576227980413,18.2844,1.6312454214811325,0.03014087677001953,0,30.224757350919678,13.984395205479453
2025-04-01 14:06:45.829918,-0.06568622589111328,-1.6997,0.15988711132818156,18.2844,1.6340137741088867,0.03004598617553711,0,30.49291023424893,14.01364693877551
2025-04-01 14:06:45.861740,-0.06779779493808746,-1.725,0.15976066077653317,18.2827,1.6572022050619126,0.028886079788208008,0,30.762507444267907,14.042491891891894
2025-04-01 14:06:45.894913,-0.06617450714111328,-1.7482,0.16014267257963077,18.2809,1.6820254928588867,0.03049492835998535,0,31.020596033406548,14.07093758389262
2025-04-01 14:06:45.928690,-0.06617450714111328,-1.6711,0.1649618605796307,18.2281,1.6049254928588867,0.031016111373901367,0,31.29130371014775,14.098652000000001
2025-04-01 14:06:45.961998,-0.06753133237361908,-1.679,0.16023544812284396,18.2779,1.611468667626381,0.03072190284729004,0,31.565971193247847,14.12632913907285
2025-04-01 14:06:45.994922,-0.06978549063205719,-1.679,0.16656582027224298,18.2051,1.6092145093679429,0.030141115188598633,0,31.83863854657026,14.15316315789474
2025-04-01 14:06:46.027086,-0.06781940162181854,-1.7114,0.17167184473865837,18.1519,1.6435805983781815,0.029284954071044922,0,32.10660104707163,14.179298692810459
2025-04-01 14:06:46.058823,-0.06825438141822815,-1.7114,0.1736897369172149,18.129,1.6431456185817719,0.02914881706237793,0,32.3649526885647,14.204946103896106
2025-04-01 14:06:46.091621,-0.07120569050312042,-1.6422,0.17747869273997385,18.0826,1.5709943094968797,0.030122041702270508,0,32.62207647214826,14.229963225806454
2025-04-01 14:06:46.124359,-0.06836529076099396,-1.6544,0.18630688999416478,17.9891,1.5860347092390061,0.029987812042236328,0,32.88650254225841,14.254060256410257
2025-04-01 14:06:46.159109,-0.06825727224349976,-1.6544,0.1871489347608768,17.9799,1.5861427277565003,0.03203392028808594,0,33.1493522877562,14.277791719745222
2025-04-01 14:06:46.190738,-0.06776899099349976,-1.6544,0.187215353834723,17.9799,1.5866310090065003,0.028844118118286133,0,33.42917701936982,14.301222784810125
2025-04-01 14:06:46.224806,-0.07029679417610168,-1.6883,0.18756741470356264,17.9721,1.6180032058238982,0.031226158142089844,0,33.683653040071796,14.32431006289308
2025-04-01 14:06:46.258028,-0.06787411868572235,-1.6955,0.19632695498763653,17.8781,1.6276258813142777,0.030286073684692383,0,33.95689151349492,14.346521249999999
2025-04-01 14:06:46.290005,-0.06766815483570099,-1.7064,0.2015667505961315,17.8197,1.638731845164299,0.029389142990112305,0,34.21845907409886,14.368093788819873
2025-04-01 14:06:46.323479,-0.0697321891784668,-1.7064,0.20480753176737843,17.7801,1.6366678108215331,0.03082418441772461,0,34.4733812035883,14.389155555555552
2025-04-01 14:06:46.356533,-0.0685654878616333,-1.7801,0.20780226577429617,17.7482,1.7115345121383667,0.030375003814697266,0,34.73919208386305,14.409763190184046
2025-04-01 14:06:46.389281,-0.07050277292728424,-1.7091,0.25205431740956374,17.2392,1.6385972270727158,0.030210018157958984,0,34.99281568300868,14.427015853658535
2025-04-01 14:06:46.422789,-0.07001449167728424,-1.6942,0.22226357885517134,17.5822,1.6241855083227157,0.03084707260131836,0,35.25120254032315,14.446138181818178
2025-04-01 14:06:46.455070,-0.0692439079284668,-1.7574,0.21977533898979407,17.6117,1.6881560920715333,0.029569149017333984,0,35.515370789901,14.465207831325298
2025-04-01 14:06:46.488212,-0.06862886250019073,-1.6969,0.22350147400693,17.5703,1.6282711374998093,0.03047776222229004,0,35.76857332255426,14.483801197604786
2025-04-01 14:06:46.522298,-0.0704898089170456,-1.6969,0.23812248681383852,17.4001,1.6264101910829545,0.03147387504577637,0,36.026012489535425,14.501160119047613
2025-04-01 14:06:46.556650,-0.06857126951217651,-1.6917,0.20736658197248847,17.7531,1.6231287304878235,0.03177785873413086,0,36.2962449679634,14.5204023668639
2025-04-01 14:06:46.588321,-0.06857126951217651,-1.7141,0.22083637977248838,17.6007,1.6455287304878234,0.02920675277709961,0,36.56573906654556,14.538521764705877
2025-04-01 14:06:46.622156,-0.06823135912418365,-1.7626,0.1674719660070665,18.1975,1.6943686408758163,0.03136301040649414,0,36.82333293700531,14.559919298245608
2025-04-01 14:06:46.655785,-0.06878301501274109,-1.7626,0.16739638122075684,18.1975,1.6938169849872589,0.03098011016845703,0,37.09975195961006,14.58106802325581
2025-04-01 14:06:46.689300,-0.06732682883739471,-1.7504,0.19606122909370005,17.8819,1.6830731711626052,0.030781269073486328,0,37.36946732366026,14.600147976878608
2025-04-01 14:06:46.722276,-0.07162341475486755,-1.7311,0.20439794923385224,17.7817,1.6594765852451325,0.03032398223876953,0,37.63499340952106,14.618432758620685
2025-04-01 14:06:46.755180,-0.06654040515422821,-1.7622,0.2526921454569113,17.2381,1.6956595948457718,0.030222177505493164,0,37.889633378051116,14.633402285714281
2025-04-01 14:06:46.786540,-0.06871822476387024,-1.7622,0.28175971558530244,16.894,1.6934817752361297,0.028804779052734375,0,38.137130431650355,14.646246590909085
2025-04-01 14:06:46.820924,-0.06949169933795929,-1.7143,0.2814416230981228,16.8965,1.6448083006620406,0.03167390823364258,0,38.37497180850697,14.658959887005643
2025-04-01 14:06:46.853730,-0.0690351128578186,-1.7143,0.29119568829270814,16.7814,1.6452648871421813,0.030126094818115234,0,38.632903094158095,14.670883707865162
2025-04-01 14:06:46.886729,-0.06905095279216766,-1.7196,0.3022256650184938,16.6494,1.6505490472078324,0.03024578094482422,0,38.877792753797344,14.681936871508372
2025-04-01 14:06:46.919384,-0.06774455308914185,-1.6832,0.31068752512675224,16.5496,1.6154554469108582,0.030018091201782227,0,39.12097460297789,14.692312777777769
2025-04-01 14:06:46.954195,-0.06983739137649536,-1.7906,0.32825451436572617,16.3324,1.7207626086235046,0.03224897384643555,0,39.358820284345015,14.701374033149161
2025-04-01 14:06:46.987607,-0.06872829794883728,-1.6635,0.3404879649610557,16.1838,1.5947717020511627,0.03077220916748047,0,39.61129912631883,14.709519230769219
2025-04-01 14:06:47.019866,-0.06825585663318634,-1.718,0.32950145793526997,16.3198,1.6497441433668136,0.02976202964782715,0,39.853958633690674,14.718318579234962
2025-04-01 14:06:47.052815,-0.06875421106815338,-1.7373,0.325494298460396,16.368,1.6685457889318467,0.030282974243164062,0,40.09113122717334,14.727284239130425
2025-04-01 14:06:47.084600,-0.06856837868690491,-1.7259,0.3273027413442492,16.3462,1.657331621313095,0.028995752334594727,0,40.33291842422026,14.736035135135124
2025-04-01 14:06:47.117057,-0.06832204759120941,-1.7263,0.3124777753129445,16.527,1.6579779524087905,0.029820919036865234,0,40.566467512075334,14.745663978494614
2025-04-01 14:06:47.151436,-0.06839549541473389,-1.7263,0.3124677337069731,16.527,1.657904504585266,0.03163003921508789,0,40.80697625212683,14.755189839572182
2025-04-01 14:06:47.184698,-0.06602464616298676,-1.6936,0.3293113819990523,16.3258,1.6275753538370132,0.030387401580810547,0,41.05911600671289,14.76354414893616
2025-04-01 14:06:47.217540,-0.06956937909126282,-1.7182,0.32332578246785615,16.3931,1.6486306209087371,0.030117034912109375,0,41.30160566803722,14.772166137566126
2025-04-01 14:06:47.250072,-0.0678827166557312,-1.7064,0.3601829367794378,15.94,1.6385172833442687,0.02979874610900879,0,41.5357467327238,14.778312631578936
2025-04-01 14:06:47.282793,-0.06726478040218353,-1.7064,0.35225540921744625,16.0402,1.6391352195978164,0.0300140380859375,0,41.76887727598102,14.784919371727737
2025-04-01 14:06:47.315124,-0.06778475642204285,-1.7142,0.3446564706968043,16.1338,1.646415243577957,0.029781103134155273,0,42.003698374862566,14.791944791666657
2025-04-01 14:06:47.351066,-0.06815347075462341,-1.7081,0.34488865919909895,16.1303,1.6399465292453765,0.033139944076538086,0,42.238659364932055,14.798879274611387
2025-04-01 14:06:47.383827,-0.06903207302093506,-1.7081,0.3540260028694323,16.0151,1.639067926979065,0.030226945877075195,0,42.49417850030166,14.805148453608236
2025-04-01 14:06:47.416270,-0.06825859844684601,-1.6506,0.35164745071307235,16.0461,1.582341401553154,0.029773950576782227,0,42.73002684777761,14.811512307692297
2025-04-01 14:06:47.448255,-0.06875984370708466,-1.7392,0.33901007389337723,16.202,1.6704401562929154,0.029161930084228516,0,42.96621184394521,14.81860663265305
2025-04-01 14:06:47.479637,-0.06744766235351562,-1.7392,0.35659430161804606,15.9857,1.6717523376464845,0.028827905654907227,0,43.192719879253644,14.824530964466996
2025-04-01 14:06:47.512954,-0.06838676333427429,-1.6971,0.33475256057566216,16.2551,1.6287132366657258,0.030341148376464844,0,43.423887155853244,14.83175606060605
2025-04-01 14:06:47.546685,-0.06838676333427429,-1.6946,0.33099229637566185,16.3013,1.6262132366657258,0.030853986740112305,0,43.66605961912522,14.839140703517579
2025-04-01 14:06:47.578888,-0.06922072172164917,-1.6946,0.30649937845933406,16.5977,1.625379278278351,0.0295259952545166,0,43.9148254622373,14.84793349999999
2025-04-01 14:06:47.611985,-0.06846597790718079,-1.7038,0.3051253092442133,16.6155,1.6353340220928192,0.03036808967590332,0,44.15453417699354,14.856727363184069
2025-04-01 14:06:47.644752,-0.06842133402824402,-1.7065,0.2842226608247954,16.8653,1.6380786659717559,0.029972076416015625,0,44.40430170536504,14.866670792079198
2025-04-01 14:06:47.678001,-0.06844006478786469,-1.719,0.27413285690683287,16.9845,1.6505599352121354,0.03021717071533203,0,44.65454382197073,14.877103448275852
2025-04-01 14:06:47.711268,-0.06787256896495819,-1.719,0.274210213757097,16.9845,1.651127431035042,0.03032708168029785,0,44.906502058303126,14.8874338235294
2025-04-01 14:06:47.748652,-0.06602457165718079,-1.6862,0.2499221534374857,17.271,1.6201754283428191,0.03428077697753906,0,45.16481811025343,14.899060975609746
2025-04-01 14:06:47.784283,-0.06790566444396973,-1.7097,0.22852081663642299,17.5142,1.6417943355560303,0.032653093338012695,0,45.45669497247622,14.91175582524271
2025-04-01 14:06:47.819818,-0.06712929904460907,-1.7305,0.2245657565847794,17.5605,1.6633707009553909,0.032562971115112305,0,45.7360697287506,14.924551690821247
2025-04-01 14:06:47.855000,-0.07020588219165802,-1.7116,0.24400624450569108,17.3328,1.641394117808342,0.03208804130554199,0,46.01253503096654,14.9361298076923
2025-04-01 14:06:47.890525,-0.06982561945915222,-1.7105,0.22774838286714572,17.52,1.6406743805408477,0.032460927963256836,0,46.287857588376205,14.948492822966498
2025-04-01 14:06:47.925233,-0.0682411938905716,-1.711,0.22991937623138958,17.4977,1.6427588061094285,0.031599998474121094,0,46.566115750502945,14.960631904761897
2025-04-01 14:06:47.959337,-0.0696239322423935,-1.711,0.2460449479591068,17.3102,1.6413760677576066,0.031207799911499023,0,46.83289611098349,14.97176729857819
2025-04-01 14:06:47.993768,-0.06883750855922699,-1.6968,0.20929049491535823,17.731,1.627962491440773,0.03136777877807617,0,47.10466310834693,14.984782547169804
2025-04-01 14:06:48.026632,-0.06955048441886902,-1.6976,0.19369016761710045,17.905,1.628049515581131,0.029851913452148438,0,47.3796180254547,14.998492488262904
2025-04-01 14:06:48.058739,-0.07092604041099548,-1.6976,0.19176817056661788,17.9243,1.6266739595890045,0.029109954833984375,0,47.643112599526006,15.012164485981302
2025-04-01 14:06:48.090746,-0.07045361399650574,-1.7551,0.20697173537483138,17.7546,1.6846463860034944,0.029079914093017578,0,47.89739851934316,15.024919999999995
2025-04-01 14:06:48.122740,-0.0686013251543045,-1.7551,0.19879115728707342,17.8494,1.6864986748456956,0.02916121482849121,0,48.15202819049789,15.037996296296292
2025-04-01 14:06:48.158586,-0.07085837423801422,-1.7456,0.1945357351753455,17.8935,1.6747416257619858,0.03300309181213379,0,48.408160436384804,15.051155299539166
2025-04-01 14:06:48.191088,-0.06722724437713623,-1.7406,0.19067414551345685,17.9422,1.6733727556228637,0.029606103897094727,0,48.69577251570812,15.06441697247706
2025-04-01 14:06:48.224965,-0.06817501783370972,-1.7209,0.18938812691837326,17.9551,1.6527249821662904,0.030956029891967773,0,48.95696795897433,15.077616438356161
2025-04-01 14:06:48.257197,-0.06778468191623688,-1.7388,0.2067102696725146,17.7617,1.671015318083763,0.029485225677490234,0,49.2246071891438,15.089816818181815
2025-04-01 14:06:48.289974,-0.06919480860233307,-1.7732,0.1982898614374865,17.8541,1.704005191397667,0.030187129974365234,0,49.48065499327022,15.102324886877824
2025-04-01 14:06:48.322254,-0.06850633025169373,-1.7613,0.18109843049044572,18.0467,1.6927936697483064,0.0296480655670166,0,49.74527183796342,15.115587837837834
2025-04-01 14:06:48.354440,-0.06864893436431885,-1.7613,0.1810788715856433,18.0467,1.6926510656356812,0.02948617935180664,0,50.00629757357968,15.128731838565018
2025-04-01 14:06:48.387230,-0.06680959463119507,-1.7715,0.13202162304021525,18.5851,1.704690405368805,0.030128002166748047,0,50.273567593676795,15.144162053571423
2025-04-01 14:06:48.419593,-0.06835077702999115,-1.7715,0.13258442567939666,18.5768,1.703149222970009,0.029903173446655273,0,50.543830756565164,15.159418222222216
2025-04-01 14:06:48.452946,-0.06734253466129303,-1.7044,0.13338058780039252,18.5697,1.6370574653387069,0.030617952346801758,0,50.8149149156296,15.174507964601764
2025-04-01 14:06:48.485479,-0.06905798614025116,-1.6946,0.1332115920502529,18.569,1.625542013859749,0.02973794937133789,0,51.092393330576044,15.189461674008804
2025-04-01 14:06:48.518986,-0.06617872416973114,-1.6946,0.1262319683672667,18.6482,1.628421275830269,0.030962228775024414,0,51.3615446954184,15.204631578947362
2025-04-01 14:06:48.553972,-0.06786249577999115,-1.7299,0.12363633926651052,18.6736,1.6620375042200088,0.03213024139404297,0,51.64392784140803,15.21977991266375
2025-04-01 14:06:48.586199,-0.06797051429748535,-1.7127,0.1350588329611353,18.5507,1.6447294857025145,0.029461145401000977,0,51.93305323158632,15.234262173913036
2025-04-01 14:06:48.620423,-0.06638757884502411,-1.7162,0.13744057615009575,18.5273,1.6498124211549758,0.031400203704833984,0,52.20068277425699,15.248517748917743
2025-04-01 14:06:48.652801,-0.06638757884502411,-1.7088,0.12071306687509564,18.707,1.642412421154976,0.0298919677734375,0,52.48415718616991,15.263424999999994
2025-04-01 14:06:48.685848,-0.06838534772396088,-1.6836,0.14252660331667288,18.4694,1.615214652276039,0.03025507926940918,0,52.7538322644543,15.277184549356216
2025-04-01 14:06:48.719488,-0.06896869838237762,-1.7265,0.10604146801844061,18.8595,1.6575313016176223,0.0310819149017334,0,53.03047766443309,15.292493589743584
2025-04-01 14:06:48.751392,-0.06898742914199829,-1.6545,0.10184714659537775,18.9039,1.5855125708580018,0.029379844665527344,0,53.31448373307257,15.307861276595737
2025-04-01 14:06:48.784634,-0.0680425614118576,-1.6966,0.10421532973651382,18.8802,1.6285574385881425,0.03073883056640625,0,53.583717612000456,15.322998305084738
2025-04-01 14:06:48.817865,-0.0682297945022583,-1.6993,0.15002994704217953,18.3882,1.6310702054977417,0.030605077743530273,0,53.857912235263775,15.335931645569612
2025-04-01 14:06:48.850203,-0.06775736808776855,-1.6597,0.14498376484481856,18.4437,1.5919426319122314,0.0298769474029541,0,54.130487049753064,15.34898949579831
2025-04-01 14:06:48.882869,-0.06857548654079437,-1.6597,0.1086115130456935,18.8328,1.5911245134592056,0.030045270919799805,0,54.40387644881172,15.363566108786603
2025-04-01 14:06:48.915702,-0.06662236154079437,-1.6597,0.11191446031772767,18.8005,1.5930776384592056,0.030245065689086914,0,54.678377963362124,15.377886666666658
2025-04-01 14:06:48.949865,-0.06730076670646667,-1.7096,0.1126318427757218,18.7919,1.6422992332935333,0.03163409233093262,0,54.9536031369156,15.392052697095428
2025-04-01 14:06:48.982254,-0.06874977052211761,-1.7247,0.14553057482815623,18.4363,1.6559502294778823,0.029805898666381836,0,55.23556341819316,15.40463223140495
2025-04-01 14:06:49.015357,-0.06632709503173828,-1.7011,0.14886028223965075,18.4037,1.6347729049682618,0.030575990676879883,0,55.50174492146371,15.416974074074066
2025-04-01 14:06:49.049507,-0.06780490279197693,-1.7057,0.15378890913237064,18.3479,1.637895097208023,0.03172183036804199,0,55.7717149466596,15.428986065573763
2025-04-01 14:06:49.081108,-0.06843577325344086,-1.6939,0.11299448253920352,18.7864,1.625464226746559,0.028973817825317383,0,56.060967802461604,15.442689795918358
2025-04-01 14:06:49.113491,-0.0676622986793518,-1.6939,0.11344726511242631,18.7827,1.6262377013206482,0.030028104782104492,0,56.32397270394524,15.456267073170725
2025-04-01 14:06:49.146789,-0.07008786499500275,-1.6656,0.15891461055544243,18.2885,1.5955121350049972,0.030797243118286133,0,56.58996943443985,15.467733603238859
2025-04-01 14:06:49.178742,-0.06874687969684601,-1.6825,0.11837272163194745,18.7286,1.613753120303154,0.029614925384521484,0,56.867307646337544,15.48088225806451
2025-04-01 14:06:49.211187,-0.06873393058776855,-1.6825,0.11837450188595589,18.7286,1.6137660694122316,0.02979898452758789,0,57.13744377190454,15.493925301204811
2025-04-01 14:06:49.243627,-0.06770694255828857,-1.6582,0.1630332474294086,18.247,1.5904930574417113,0.030032873153686523,0,57.40003054063631,15.504937599999993
2025-04-01 14:06:49.276322,-0.06918475031852722,-1.6951,0.16263021872336314,18.2492,1.6259152496814728,0.03001713752746582,0,57.66700393121242,15.515870916334654
2025-04-01 14:06:49.309346,-0.0680684745311737,-1.6951,0.16278343117499905,18.2492,1.6270315254688263,0.03044891357421875,0,57.9327713920638,15.526717460317453
2025-04-01 14:06:49.344868,-0.06776455044746399,-1.7109,0.16203981360265318,18.2578,1.643135449552536,0.03293585777282715,0,58.20256575570087,15.53751225296442
2025-04-01 14:06:49.377749,-0.06839542090892792,-1.6916,0.16366926389869052,18.239,1.623204579091072,0.03040003776550293,0,58.49143055476306,15.548148031496057
2025-04-01 14:06:49.409824,-0.06801515817642212,-1.7187,0.1645234581582362,18.2302,1.6506848418235778,0.02964186668395996,0,58.75900617761641,15.558665882352935
2025-04-01 14:06:49.443779,-0.07117962837219238,-1.7183,0.1677886848797967,18.1895,1.6471203716278076,0.03144502639770508,0,59.020401009378844,15.568942578124993
2025-04-01 14:06:49.476720,-0.06766659021377563,-1.6927,0.128892966943841,18.6175,1.6250334097862245,0.030619144439697266,0,59.30158458675159,15.580804669260694
2025-04-01 14:06:49.508083,-0.0664365291595459,-1.7296,0.12711130119323266,18.6384,1.6631634708404541,0.028743267059326172,0,59.578359852605836,15.59265581395348
2025-04-01 14:06:49.540455,-0.06785383820533752,-1.7296,0.17082289304080367,18.1612,1.6617461617946625,0.030140161514282227,0,59.82983031228522,15.602572972972965
2025-04-01 14:06:49.573693,-0.06865611672401428,-1.7017,0.1700957776363785,18.168,1.6330438832759857,0.03067302703857422,0,60.095398925994935,15.612439999999992
2025-04-01 14:06:49.606975,-0.06783798336982727,-1.7099,0.17074331698731515,18.1621,1.6420620166301727,0.03097677230834961,0,60.36330874594733,15.62220881226053
2025-04-01 14:06:49.638873,-0.06823121011257172,-1.7004,0.130537499466574,18.599,1.6321687898874282,0.02951216697692871,0,60.640811235141356,15.633570610687016
2025-04-01 14:06:49.671895,-0.06909686326980591,-1.7004,0.12967450098627376,18.607,1.631303136730194,0.030600786209106445,0,60.90588548647795,15.644876425855506
2025-04-01 14:06:49.703888,-0.06818367540836334,-1.6917,0.14031788400780687,18.4936,1.6235163245916366,0.029704809188842773,0,61.17799736263145,15.655667045454537
2025-04-01 14:06:49.738061,-0.06924952566623688,-1.6917,0.1665857219700012,18.2057,1.622450474333763,0.031674861907958984,0,61.4402827983609,15.665289811320749
2025-04-01 14:06:49.771296,-0.06704577803611755,-1.6963,0.1743517330225317,18.1235,1.6292542219638824,0.030746936798095703,0,61.71685844932674,15.674531203007511
2025-04-01 14:06:49.804335,-0.06747646629810333,-1.7164,0.18689527847092102,17.9839,1.6489235337018966,0.030737876892089844,0,61.982452068144866,15.683180524344563
2025-04-01 14:06:49.836357,-0.06894420087337494,-1.7164,0.14743851194093183,18.4153,1.647455799126625,0.029700040817260742,0,62.254605203408836,15.693374999999993
2025-04-01 14:06:49.868977,-0.06894420087337494,-1.7058,0.19425749676593174,17.8996,1.636855799126625,0.030225038528442383,0,62.51165656127365,15.701576579925641
2025-04-01 14:06:49.901430,-0.06970471143722534,-1.7274,0.15177453070345315,18.367,1.6576952885627747,0.030150175094604492,0,62.778473986528624,15.71144851851851
2025-04-01 14:06:49.933418,-0.067063108086586,-1.7046,0.1885596495337667,17.966,1.637536891913414,0.029675960540771484,0,63.03953884925079,15.71976789667896
2025-04-01 14:06:49.965539,-0.06730076670646667,-1.7312,0.19316524557572168,17.9143,1.6638992332935334,0.02975296974182129,0,63.29607193687039,15.72783602941176
2025-04-01 14:06:49.998240,-0.06754131615161896,-1.7312,0.15650124638750718,18.3187,1.6636586838483811,0.030382156372070312,0,63.558673288196545,15.737326373626368
2025-04-01 14:06:50.031688,-0.06962408125400543,-1.6761,0.14910205120953557,18.3962,1.6064759187459945,0.031154870986938477,0,63.82725799205749,15.747030291970797
2025-04-01 14:06:50.062824,-0.06864751875400543,-1.7236,0.19644482976891864,17.8756,1.6549524812459946,0.028778791427612305,0,64.09525507744299,15.75477054545454
2025-04-01 14:06:50.094012,-0.06772714853286743,-1.7236,0.19231924932660682,17.9231,1.6558728514671326,0.028902053833007812,0,64.34407816612385,15.762626811594199
2025-04-01 14:06:50.127713,-0.0675586462020874,-1.7426,0.19150840492334098,17.9324,1.6750413537979125,0.0312647819519043,0,64.59501236500499,15.770459927797829
2025-04-01 14:06:50.161768,-0.0675039291381836,-1.6766,0.20775146915090714,17.7504,1.6090960708618165,0.03165602684020996,0,64.86248132299889,15.777582014388484
2025-04-01 14:06:50.195181,-0.06864182651042938,-1.6825,0.16854364462831228,18.1851,1.6138581734895707,0.030957698822021484,0,65.13986716702017,15.786211111111104
2025-04-01 14:06:50.227827,-0.06832064688205719,-1.6885,0.18656481998461727,17.9863,1.6201793531179427,0.03023695945739746,0,65.40809955318755,15.794068571428562
2025-04-01 14:06:50.260408,-0.068976029753685,-1.6885,0.2170625062944186,17.6429,1.619523970246315,0.030336856842041016,0,65.66417796715585,15.800648042704617
2025-04-01 14:06:50.291259,-0.06753280758857727,-1.7406,0.22371220949920412,17.5696,1.6730671924114227,0.02855706214904785,0,65.92059130896445,15.806920921985807
2025-04-01 14:06:50.325356,-0.06753280758857727,-1.6932,0.1897086792742042,17.9525,1.6256671924114228,0.031640052795410156,0,66.16933271565047,15.814502473498225
2025-04-01 14:06:50.358673,-0.07022631168365479,-1.6932,0.19132015474731023,17.9304,1.6229736883163453,0.030859947204589844,0,66.44276088069174,15.821952816901401
2025-04-01 14:06:50.390962,-0.06837114691734314,-1.6876,0.19037549016920718,17.9438,1.6192288530826568,0.02986598014831543,0,66.70938217171697,15.829397894736834
2025-04-01 14:06:50.423343,-0.06730817258358002,-1.6876,0.233715953678459,17.4557,1.62029182741642,0.02988290786743164,0,66.96229137020332,15.83508426573426
2025-04-01 14:06:50.456427,-0.0683380514383316,-1.716,0.2298711517006119,17.4981,1.6476619485616684,0.030653953552246094,0,67.21497563947528,15.840878745644593
2025-04-01 14:06:50.489450,-0.0655984878540039,-1.708,0.22503232276626794,17.5575,1.642401512145996,0.03057098388671875,0,67.47486147531704,15.846839236111103
2025-04-01 14:06:50.523831,-0.06784258782863617,-1.7244,0.22408310325171366,17.5649,1.6565574121713638,0.03190493583679199,0,67.73440005016141,15.852784083044977
2025-04-01 14:06:50.556834,-0.06701439619064331,-1.6883,0.21573176820320328,17.661,1.6212856038093566,0.03063511848449707,0,68.004824964977,15.859019310344822
2025-04-01 14:06:50.589453,-0.06786997616291046,-1.7557,0.21418516673564603,17.6772,1.6878300238370896,0.03015589714050293,0,68.26637143743791,15.865267353951884
2025-04-01 14:06:50.621994,-0.06795497238636017,-1.7557,0.24146328050296906,17.3657,1.6877450276136399,0.030041933059692383,0,68.51998671716886,15.870405821917803
2025-04-01 14:06:50.654431,-0.06767554581165314,-1.6827,0.24782633727409475,17.2927,1.615024454188347,0.03010392189025879,0,68.77027807765151,15.875260068259381
2025-04-01 14:06:50.687083,-0.06976120173931122,-1.7085,0.25168417950688693,17.2447,1.6387387982606887,0.030215978622436523,0,69.0211392291067,15.87991802721088
2025-04-01 14:06:50.718584,-0.06938961148262024,-1.7085,0.208229800793291,17.7421,1.6391103885173797,0.02900385856628418,0,69.28050499141021,15.886230508474574
2025-04-01 14:06:50.750216,-0.06976987421512604,-1.6961,0.21247346225200547,17.6936,1.626330125784874,0.029089927673339844,0,69.53019085231408,15.892336486486482
2025-04-01 14:06:50.783301,-0.06755605340003967,-1.6961,0.24239405124901103,17.3556,1.6285439465999603,0.030571937561035156,0,69.77531045470857,15.897263299663296
2025-04-01 14:06:50.815242,-0.06702890992164612,-1.6754,0.24247367460971592,17.3555,1.6083710900783539,0.029445886611938477,0,70.03192697071157,15.90215671140939
2025-04-01 14:06:50.846601,-0.07039934396743774,-1.6989,0.23773497714395464,17.4047,1.6285006560325623,0.02889108657836914,0,70.28018868204296,15.907181939799326
2025-04-01 14:06:50.880140,-0.06840157508850098,-1.6919,0.23938661650041215,17.3889,1.623498424911499,0.030902862548828125,0,70.52521887956033,15.912120999999994
2025-04-01 14:06:50.914742,-0.06831228733062744,-1.6919,0.210603208899658,17.717,1.6235877126693725,0.032090187072753906,0,70.78992800722436,15.918117275747502
2025-04-01 14:06:50.947686,-0.07080410420894623,-1.7347,0.21652466580216867,17.6461,1.6638958957910537,0.030539751052856445,0,71.06192466843758,15.923839072847676
2025-04-01 14:06:50.980520,-0.06967198848724365,-1.7347,0.24263293839523337,17.3495,1.6650280115127563,0.03033590316772461,0,71.31830268750107,15.928544224422437
2025-04-01 14:06:51.014015,-0.06907857954502106,-1.7442,0.23958043144804209,17.3856,1.675121420454979,0.031016111373901367,0,71.57328889524204,15.933337171052624
2025-04-01 14:06:51.046352,-0.06774048507213593,-1.6757,0.23423349965719154,17.4491,1.607959514927864,0.02978682518005371,0,71.83512793825854,15.938306885245893
2025-04-01 14:06:51.079464,-0.0676800012588501,-1.6757,0.19566481332960195,17.8858,1.6080199987411499,0.030516862869262695,0,72.09399609383463,15.944671241830058
2025-04-01 14:06:51.112181,-0.06857733428478241,-1.71,0.19815174032239313,17.8566,1.6414226657152176,0.03019094467163086,0,72.35794759443718,15.950899022801295
2025-04-01 14:06:51.144222,-0.0680602490901947,-1.71,0.21147891186878065,17.7075,1.6419397509098053,0.029273033142089844,0,72.61858917368409,15.956602272727267
2025-04-01 14:06:51.176189,-0.0680343359708786,-1.7078,0.2129868535040016,17.6905,1.6397656640291214,0.029259920120239258,0,72.8716798683828,15.962213592233002
2025-04-01 14:06:51.208117,-0.06866522133350372,-1.7418,0.21680532815422104,17.6463,1.6731347786664963,0.02917194366455078,0,73.12441468791518,15.967646129032252
2025-04-01 14:06:51.241146,-0.06798969209194183,-1.727,0.2043628296692429,17.7878,1.6590103079080583,0.030135154724121094,0,73.37896945671163,15.97349871382636
2025-04-01 14:06:51.273705,-0.06791047751903534,-1.727,0.18973831064313673,17.9516,1.6590895224809648,0.029690027236938477,0,73.64378948988131,15.979838782051278
2025-04-01 14:06:51.308806,-0.06788167357444763,-1.692,0.1835640481677323,18.0203,1.6241183264255523,0.03212594985961914,0,73.90719911612709,15.986357827476034
2025-04-01 14:06:51.341175,-0.0692039281129837,-1.692,0.19852068570873282,17.8515,1.6227960718870162,0.029597043991088867,0,74.18566292431285,15.992297770700631
2025-04-01 14:06:51.377572,-0.07032307982444763,-1.7144,0.19654264041900427,17.8719,1.6440769201755523,0.03371286392211914,0,74.4433641487741,15.998264761904757
2025-04-01 14:06:51.410941,-0.06863641738891602,-1.7009,0.19075180060801455,17.9392,1.632263582611084,0.030430078506469727,0,74.73746337936345,16.00440696202531
2025-04-01 14:06:51.444644,-0.06953087449073792,-1.7009,0.16814800346755343,18.1881,1.6313691255092622,0.03078007698059082,0,75.00865096015875,16.011295583596212
2025-04-01 14:06:51.477755,-0.06828784942626953,-1.7166,0.16567993859573515,18.2171,1.6483121505737304,0.03036785125732422,0,75.28171162272012,16.018232075471694
2025-04-01 14:06:51.511846,-0.0688207745552063,-1.6997,0.19349567876462137,17.9083,1.6308792254447937,0.03102588653564453,0,75.54937630194668,16.024157053291532
2025-04-01 14:06:51.545574,-0.06864649057388306,-1.6978,0.19322412293188973,17.9116,1.629153509426117,0.030900001525878906,0,75.82045980516548,16.030055312499996
2025-04-01 14:06:51.578410,-0.07003211975097656,-1.7301,0.18713721397818484,17.9773,1.6600678802490234,0.02994394302368164,0,76.09198198672026,16.036121495327098
2025-04-01 14:06:51.612337,-0.06846931576728821,-1.7301,0.15987025217335937,18.2805,1.6616306842327118,0.031085968017578125,0,76.36006988042047,16.043091614906828
2025-04-01 14:06:51.645728,-0.06944587826728821,-1.7581,0.15984524876668516,18.2793,1.6886541217327118,0.030369043350219727,0,76.63855555284144,16.05001486068111
2025-04-01 14:06:51.679033,-0.0678701251745224,-1.7383,0.16548175608379467,18.2199,1.6704298748254776,0.030263185501098633,0,76.91081927367128,16.056712037037034
2025-04-01 14:06:51.714395,-0.06876169145107269,-1.7383,0.17633732728878737,18.099,1.6695383085489273,0.0322880744934082,0,77.18049895807374,16.062995999999995
2025-04-01 14:06:51.748811,-0.06958699226379395,-1.7072,0.18093115148267858,18.0469,1.637613007736206,0.03154587745666504,0,77.46412085625364,16.069081595092022
2025-04-01 14:06:51.782442,-0.06782829761505127,-1.7205,0.19293272401764405,17.9161,1.6526717023849486,0.03063821792602539,0,77.74075667882285,16.074729969418957
2025-04-01 14:06:51.815102,-0.06887252628803253,-1.7508,0.18694769152270407,17.9812,1.6819274737119674,0.02978515625,0,78.01018555316627,16.08054237804878
2025-04-01 14:06:51.848786,-0.06984472274780273,-1.7508,0.15169989030428266,18.3676,1.6809552772521972,0.030757904052734375,0,78.27882645223471,16.08749392097264
2025-04-01 14:06:51.882056,-0.06948889791965485,-1.7117,0.1426145374659119,18.4668,1.6422111020803452,0.030244827270507812,0,78.55771232873639,16.094703939393938
2025-04-01 14:06:51.915295,-0.06942981481552124,-1.6968,0.16778005258968254,18.1923,1.6273701851844788,0.030308008193969727,0,78.8273822607632,16.10104108761329
2025-04-01 14:06:51.949463,-0.06947009265422821,-1.6968,0.1774606306016131,18.0855,1.6273299073457719,0.030969858169555664,0,79.09820432920036,16.107018373493972
2025-04-01 14:06:51.982926,-0.06932023167610168,-1.719,0.1749203293803714,18.1138,1.6496797683238984,0.030387163162231445,0,79.37404890602755,16.11304474474474
2025-04-01 14:06:52.016491,-0.06913439929485321,-1.7397,0.1783479187341398,18.0762,1.6705656007051468,0.030565738677978516,0,79.64378574613897,16.11892245508982
2025-04-01 14:06:52.050342,-0.06944261491298676,-1.7218,0.18453859720904664,18.0071,1.6523573850870132,0.030805110931396484,0,79.91439727116196,16.124558805970146
2025-04-01 14:06:52.083464,-0.07112927734851837,-1.7218,0.18235556667887753,18.0287,1.6506707226514816,0.030280113220214844,0,80.18561779085368,16.13022589285714
2025-04-01 14:06:52.118975,-0.06934325397014618,-1.7372,0.18614523222883184,17.9894,1.667856746029854,0.03253507614135742,0,80.45305468772315,16.135742729970325
2025-04-01 14:06:52.153355,-0.06842577457427979,-1.7372,0.1872967033739098,17.978,1.6687742254257203,0.03171396255493164,0,80.73607280133491,16.141193195266272
2025-04-01 14:06:52.187582,-0.07059784233570099,-1.7357,0.18725539463254337,17.9751,1.665102157664299,0.03154873847961426,0,81.01220956735433,16.146602949852504
2025-04-01 14:06:52.221938,-0.07111203670501709,-1.733,0.1780253710106644,18.0767,1.661887963294983,0.031632184982299805,0,81.28930601243168,16.15227970588235
2025-04-01 14:06:52.255338,-0.06671172380447388,-1.7284,0.1812237859070358,18.048,1.661688276195526,0.03080010414123535,0,81.56547199835941,16.157839002932548
2025-04-01 14:06:52.288669,-0.06949880719184875,-1.7284,0.18697790577391027,17.9799,1.6589011928081512,0.03081488609313965,0,81.83320842421342,16.163166666666665
2025-04-01 14:06:52.320712,-0.06891405582427979,-1.7361,0.16783321228484827,18.1925,1.6671859441757202,0.029790163040161133,0,82.10219879124338,16.169083090379004
2025-04-01 14:06:52.352167,-0.06955501437187195,-1.7336,0.15881526957572845,18.2904,1.664044985628128,0.029274940490722656,0,82.36361273266593,16.17524970930232
2025-04-01 14:06:52.384817,-0.06860287487506866,-1.7336,0.15083373253387544,18.3789,1.6649971251249314,0.030605792999267578,0,82.62095754492287,16.181637101449272
2025-04-01 14:06:52.417184,-0.06921783089637756,-1.7106,0.14994930748600055,18.3876,1.6413821691036223,0.030534029006958008,0,82.88766266861013,16.188012716763
2025-04-01 14:06:52.449593,-0.06804662942886353,-1.7778,0.14788370812337093,18.4118,1.7097533705711365,0.030379056930541992,0,83.15558421288759,16.19442132564841
2025-04-01 14:06:52.482024,-0.07084964215755463,-1.7778,0.16003212818114665,18.2751,1.7069503578424454,0.0302579402923584,0,83.42156524572022,16.200400287356317
2025-04-01 14:06:52.515992,-0.06864011287689209,-1.6678,0.1614821380042475,18.2626,1.5991598871231079,0.03181886672973633,0,83.68605047857574,16.206309169054435
2025-04-01 14:06:52.548028,-0.0694582462310791,-1.7229,0.15314908763050283,18.3524,1.653441753768921,0.02992391586303711,0,83.96446251094994,16.21244085714285
2025-04-01 14:06:52.580429,-0.06841541826725006,-1.7229,0.15585107991831715,18.3245,1.65448458173275,0.03036022186279297,0,84.22630327835633,16.218458119658113
2025-04-01 14:06:52.612815,-0.07096484303474426,-1.7151,0.15665894295305383,18.3118,1.6441351569652558,0.03034186363220215,0,84.49169816619721,16.224405113636358
2025-04-01 14:06:52.645901,-0.06935450434684753,-1.7151,0.16120091982680296,18.2646,1.6457454956531525,0.03073716163635254,0,84.75847052334457,16.230184702549572
2025-04-01 14:06:52.677678,-0.06908227503299713,-1.7304,0.16258051425126518,18.2499,1.6613177249670028,0.029603004455566406,0,85.02703942932388,16.235890112994348
2025-04-01 14:06:52.711001,-0.06830880045890808,-1.7712,0.1669062753798649,18.2036,1.702891199541092,0.031121015548706055,0,85.28572272513128,16.241432957746476
2025-04-01 14:06:52.744212,-0.06859399378299713,-1.716,0.16377884839189816,18.2375,1.6474060062170028,0.031088829040527344,0,85.55682269650865,16.247039887640444
2025-04-01 14:06:52.776884,-0.06881003081798553,-1.716,0.16354853943382797,18.2397,1.6471899691820144,0.030525922775268555,0,85.82773569482869,16.252621568627447
2025-04-01 14:06:52.810311,-0.06999257206916809,-1.7104,0.1603173076301424,18.2733,1.6404074279308318,0.031282901763916016,0,86.09480067139977,16.258265921787704
2025-04-01 14:06:52.843156,-0.06902895867824554,-1.7741,0.1616751328387973,18.2599,1.7050710413217545,0.030669212341308594,0,86.36787425500677,16.26384150417827
2025-04-01 14:06:52.874448,-0.06711471080780029,-1.7741,0.17365364756818535,18.1311,1.7069852891921997,0.02913498878479004,0,86.63385812278844,16.269028333333328
2025-04-01 14:06:52.909870,-0.07076744735240936,-1.7271,0.17265131949522394,18.1366,1.6563325526475907,0.03316497802734375,0,86.88838625283104,16.274201662049855
2025-04-01 14:06:52.941701,-0.06825689971446991,-1.7271,0.16935993841636865,18.1767,1.6588431002855302,0.02969813346862793,0,87.17527245160665,16.279457182320435
2025-04-01 14:06:52.973835,-0.06800338625907898,-1.7149,0.1712474652322984,18.1563,1.6468966137409211,0.02992415428161621,0,87.43450853574805,16.28462754820936
2025-04-01 14:06:53.006802,-0.07021720707416534,-1.7203,0.17119563820570372,18.1535,1.6500827929258346,0.03081822395324707,0,87.69429670490592,16.289761813186807
2025-04-01 14:06:53.038468,-0.06796303391456604,-1.7203,0.17674512979612744,18.0957,1.652336966085434,0.02939605712890625,0,87.9622299734658,16.29470958904109
2025-04-01 14:06:53.071732,-0.06788381934165955,-1.7257,0.18012726067158902,18.0584,1.6578161806583405,0.031199932098388672,0,88.21616107376438,16.29952841530054
2025-04-01 14:06:53.104624,-0.06641897559165955,-1.7257,0.17807417245635437,18.0833,1.6592810244083405,0.0306088924407959,0,88.48673818796335,16.304388828337867
2025-04-01 14:06:53.137817,-0.06674304604530334,-1.6779,0.17384844017959444,18.1295,1.6111569539546966,0.031095027923583984,0,88.75186383440897,16.30934836956521
2025-04-01 14:06:53.171140,-0.06793853640556335,-1.7692,0.17018471124607015,18.1681,1.7012614635944368,0.03097391128540039,0,89.0236304029478,16.31438563685636
2025-04-01 14:06:53.203759,-0.07037994265556335,-1.7064,0.1770620830467996,18.0885,1.6360200573444366,0.030425071716308594,0,89.29177131596992,16.319180540540533
2025-04-01 14:06:53.235212,-0.06883586943149567,-1.7001,0.17643571097961008,18.0978,1.6312641305685043,0.02928900718688965,0,89.55534933372991,16.323974663072768
2025-04-01 14:06:53.266920,-0.06715209782123566,-1.6991,0.1751347055332073,18.1147,1.6319479021787644,0.02944469451904297,0,89.81073820138619,16.328788440860208
2025-04-01 14:06:53.302322,-0.06724138557910919,-1.6991,0.17135959996540173,18.1562,1.6318586144208909,0.033284902572631836,0,90.06679729994724,16.333687667560316
2025-04-01 14:06:53.335949,-0.0687379240989685,-1.6605,0.17152826176556446,18.1521,1.5917620759010316,0.03154277801513672,0,90.35393755239011,16.338549732620315
2025-04-01 14:06:53.369039,-0.07010193169116974,-1.6605,0.17185613677316658,18.1464,1.5903980683088303,0.030898094177246094,0,90.62781067531814,16.343370666666658
2025-04-01 14:06:53.400346,-0.06732061505317688,-1.6686,0.17254681228886193,18.143,1.6012793849468232,0.02929520606994629,0,90.89472327077179,16.34815691489361
2025-04-01 14:06:53.432286,-0.06796444952487946,-1.7595,0.16816329837578003,18.1903,1.6915355504751206,0.0299379825592041,0,91.14913451607585,16.353043236074264
2025-04-01 14:06:53.464928,-0.06866158545017242,-1.7595,0.17429555945846864,18.1217,1.6908384145498276,0.030503034591674805,0,91.40927109374245,16.357722222222215
2025-04-01 14:06:53.498892,-0.06945091485977173,-1.7209,0.17230987602514092,18.1424,1.6514490851402284,0.03194117546081543,0,91.67300365177101,16.362431134564638
2025-04-01 14:06:53.532177,-0.0706651359796524,-1.681,0.16985221415697727,18.1676,1.6103348640203476,0.031239032745361328,0,91.948927831656,16.36718157894736
2025-04-01 14:06:53.564799,-0.06833463907241821,-1.7184,0.16843114150284222,18.1868,1.6500653609275817,0.030564308166503906,0,92.21957460039306,16.371957480314954
2025-04-01 14:06:53.597713,-0.06954886019229889,-1.7184,0.16769983354595197,18.193,1.648851139807701,0.03088688850402832,0,92.48466321938949,16.376724607329837
2025-04-01 14:06:53.630952,-0.06792557239532471,-1.683,0.1674681066147674,18.198,1.6150744276046753,0.031116008758544922,0,92.75327134600097,16.381479895561352
2025-04-01 14:06:53.662908,-0.06942500174045563,-1.683,0.1663975285083379,18.2075,1.6135749982595444,0.029963970184326172,0,93.02268144133559,16.386235156249995
2025-04-01 14:06:53.698099,-0.06879700720310211,-1.7165,0.16591069569989636,18.2138,1.6477029927968978,0.03304600715637207,0,93.2840333422175,16.390982077922075
2025-04-01 14:06:53.730198,-0.06851758062839508,-1.7363,0.16503812504483129,18.2238,1.6677824193716049,0.030009746551513672,0,93.5704567353527,16.395730310880825
2025-04-01 14:06:53.763259,-0.0673854649066925,-1.7363,0.16551086889430866,18.2203,1.6689145350933074,0.030969858169555664,0,93.8318281107058,16.400444961240307
2025-04-01 14:06:53.795706,-0.06797170639038086,-1.7084,0.16493949590537982,18.2257,1.640428293609619,0.030449867248535156,0,94.10044687654577,16.40514922680412
2025-04-01 14:06:53.826123,-0.06946823000907898,-1.7387,0.16431456979440573,18.2303,1.669231769990921,0.02838611602783203,0,94.36517936606968,16.409841131105395
2025-04-01 14:06:53.857076,-0.06834189593791962,-1.7387,0.16284650123461053,18.2481,1.6703581040620803,0.0287778377532959,0,94.61432304409202,16.41455461538461
2025-04-01 14:06:53.889953,-0.06930260360240936,-1.7356,0.16198418110892732,18.2561,1.6662973963975907,0.030835866928100586,0,94.86583500163763,16.419264450127873
2025-04-01 14:06:53.922174,-0.06839519739151001,-1.7199,0.16143351634877623,18.2635,1.65150480260849,0.03029918670654297,0,95.13351591394408,16.423969132653056
2025-04-01 14:06:53.954376,-0.06808120012283325,-1.7199,0.16371214768983466,18.239,1.6518187998771667,0.030125141143798828,0,95.39724335589926,16.42858753180661
2025-04-01 14:06:53.987433,-0.06933000683784485,-1.7129,0.16337638855186443,18.2408,1.6435699931621552,0.030949115753173828,0,95.66013945369761,16.433187055837557
2025-04-01 14:06:54.019044,-0.06818205118179321,-1.6846,0.16022938539664322,18.277,1.6164179488182069,0.0295717716217041,0,95.9297694920122,16.437854936708852
2025-04-01 14:06:54.050810,-0.069697305560112,-1.7367,0.1594537799976602,18.2832,1.667002694439888,0.029577970504760742,0,96.18932867215892,16.44251489898989
2025-04-01 14:06:54.084877,-0.06923064589500427,-1.7367,0.16300705516896052,18.245,1.6674693541049956,0.032044172286987305,0,96.44707377379467,16.447055163727953
2025-04-01 14:06:54.117267,-0.06849463284015656,-1.7085,0.16292596277209215,18.247,1.6400053671598434,0.030249834060668945,0,96.72578888056103,16.451577638190948
2025-04-01 14:06:54.149096,-0.06838661432266235,-1.7099,0.16276739295648357,18.2489,1.6415133856773376,0.02972888946533203,0,96.98977228282969,16.456082205513777
2025-04-01 14:06:54.181050,-0.06828436255455017,-1.7099,0.15845076160551885,18.2963,1.6416156374454498,0.02986288070678711,0,97.25027016460935,16.460682749999993
2025-04-01 14:06:54.212883,-0.06807121634483337,-1.702,0.15809555888033489,18.3005,1.6339287836551666,0.029810190200805664,0,97.51108141191075,16.465270822942635
2025-04-01 14:06:54.244910,-0.06719259917736053,-1.7046,0.1578208970157905,18.3048,1.6374074008226394,0.029847145080566406,0,97.77263483095928,16.469846766169148
2025-04-01 14:06:54.275985,-0.06729632616043091,-1.7046,0.16227649246030884,18.2559,1.637303673839569,0.029013872146606445,0,98.03318793512405,16.47427866004962
2025-04-01 14:06:54.309461,-0.06876406073570251,-1.7308,0.16194899572613652,18.2573,1.6620359392642974,0.03139519691467285,0,98.28684525183756,16.478692079207914
2025-04-01 14:06:54.341409,-0.06729203462600708,-1.7308,0.15728575645089216,18.3105,1.6635079653739928,0.02981400489807129,0,98.5614210536365,16.483215061728387
2025-04-01 14:06:54.373736,-0.06819804012775421,-1.7124,0.15681506609773332,18.3143,1.6442019598722457,0.030032873153686523,0,98.82414086503528,16.4877251231527
2025-04-01 14:06:54.407642,-0.06743033230304718,-1.7071,0.1565986581855009,18.3178,1.6396696676969529,0.03166985511779785,0,99.0885157236783,16.492221621621614
2025-04-01 14:06:54.440024,-0.06753405928611755,-1.7071,0.1613953232363392,18.2652,1.6395659407138825,0.030246973037719727,0,99.36453418865706,16.496567156862735
2025-04-01 14:06:54.475185,-0.06826867163181305,-1.7018,0.16124076437362778,18.2658,1.633531328368187,0.03309202194213867,0,99.62826562313406,16.500892909535445
2025-04-01 14:06:54.508105,-0.0680684745311737,-1.6798,0.15628320254999895,18.3203,1.6117315254688263,0.030791044235229492,0,99.91687740972415,16.50533048780487
2025-04-01 14:06:54.542144,-0.06607936322689056,-1.6824,0.15631185673052872,18.3229,1.6163206367731093,0.03185105323791504,0,100.18705178685263,16.50975279805352
2025-04-01 14:06:54.575962,-0.06684276461601257,-1.7191,0.16104065979348836,18.2701,1.6522572353839875,0.03172612190246582,0,100.46420751166045,16.514025485436886
2025-04-01 14:06:54.608767,-0.06959676742553711,-1.6823,0.16061009373891555,18.2707,1.6127032325744628,0.030642986297607422,0,100.74093029235303,16.51827893462469
2025-04-01 14:06:54.641460,-0.06702430546283722,-1.705,0.16093413997722417,18.271,1.6379756945371629,0.030586957931518555,0,101.008467970912,16.522512560386463
2025-04-01 14:06:54.674004,-0.06755293905735016,-1.6884,0.1608538623997139,18.2711,1.6208470609426497,0.030350208282470703,0,101.27600711374592,16.526726024096376
2025-04-01 14:06:54.706526,-0.06695523858070374,-1.6884,0.15562722900160098,18.3291,1.6214447614192962,0.030445098876953125,0,101.54189888139929,16.531058653846145
2025-04-01 14:06:54.738199,-0.06880322098731995,-1.7017,0.15511972275676988,18.3319,1.63289677901268,0.029685020446777344,0,101.80774725127623,16.53537721822541
2025-04-01 14:06:54.770053,-0.06648716330528259,-1.652,0.15547889221561695,18.3314,1.5855128366947173,0.029818058013916016,0,102.06759017643488,16.53967392344497
2025-04-01 14:06:54.802118,-0.06779216229915619,-1.652,0.16051084710580488,18.2745,1.5842078377008437,0.030040264129638672,0,102.32778546655649,16.543814319809062
2025-04-01 14:06:54.835550,-0.06591685116291046,-1.6711,0.1605696998327668,18.2766,1.6051831488370896,0.031317949295043945,0,102.59051184812498,16.547939999999993
2025-04-01 14:06:54.871038,-0.0696733295917511,-1.7399,0.15475173424359934,18.3346,1.670226670408249,0.033447265625,0,102.86407136657299,16.55218384798099
2025-04-01 14:06:54.904075,-0.06636196374893188,-1.6756,0.15500050416738542,18.3368,1.609238036251068,0.031087160110473633,0,103.1540336351585,16.556412796208523
2025-04-01 14:06:54.937853,-0.06724205613136292,-1.6888,0.16253935686222665,18.2531,1.6215579438686372,0.03182101249694824,0,103.42371963791851,16.56042387706855
2025-04-01 14:06:54.969998,-0.0684361457824707,-1.6739,0.15133436472544048,18.3737,1.6054638542175292,0.030153989791870117,0,103.70133659911852,16.564700471698107
2025-04-01 14:06:55.004653,-0.06654499471187592,-1.7201,0.15431592367879643,18.344,1.653555005288124,0.0325770378112793,0,103.96557147857897,16.568887058823524
2025-04-01 14:06:55.038112,-0.06725798547267914,-1.6948,0.1575283573651569,18.3079,1.627542014527321,0.031418800354003906,0,104.24906282761407,16.572969248826283
2025-04-01 14:06:55.069649,-0.06786154210567474,-1.6948,0.16000795107803956,18.2799,1.6269384578943253,0.02965092658996582,0,104.52127430895523,16.576966744730672
2025-04-01 14:06:55.102649,-0.06814244389533997,-1.6479,0.16301970171497038,18.2465,1.57975755610466,0.03109288215637207,0,104.77869832313553,16.580867523364482
2025-04-01 14:06:55.135716,-0.06806181371212006,-1.659,0.16795904511421667,18.1924,1.59093818628788,0.030983924865722656,0,105.04703764858068,16.584624009324003
2025-04-01 14:06:55.168951,-0.06831102073192596,-1.6811,0.1472860034215624,18.4179,1.612788979268074,0.030508041381835938,0,105.32605662121124,16.58888744186046
2025-04-01 14:06:55.201710,-0.06660711765289307,-1.6811,0.18414086777797367,18.0158,1.614492882347107,0.030797719955444336,0,105.58744381441956,16.592198143851505
2025-04-01 14:06:55.234186,-0.06920555233955383,-1.7109,0.18943506902537732,17.953,1.6416944476604463,0.03055119514465332,0,105.85008974078072,16.595348148148144
2025-04-01 14:06:55.269441,-0.06692548096179962,-1.6636,0.1505555715980319,18.3844,1.5966745190382003,0.03334188461303711,0,106.1169326387328,16.599479907621244
2025-04-01 14:06:55.302096,-0.0654563307762146,-1.6815,0.16391674786131472,18.2406,1.6160436692237854,0.03071308135986328,0,106.40471267921095,16.60326129032258
2025-04-01 14:06:55.334649,-0.0694475769996643,-1.7036,0.16332359044887568,18.2412,1.6341524230003357,0.030600786209106445,0,106.67106548864726,16.607026666666663
2025-04-01 14:06:55.366530,-0.06826652586460114,-1.7036,0.16323084144637767,18.244,1.6353334741353989,0.0298919677734375,0,106.9367397202125,16.610781192660546
2025-04-01 14:06:55.400821,-0.06914950907230377,-1.7015,0.15590584579505928,18.3228,1.6323504909276962,0.032469987869262695,0,107.19673024171668,16.614698855835236
2025-04-01 14:06:55.433223,-0.06854313611984253,-1.6652,0.12855945839085658,18.6198,1.5966568638801575,0.03057718276977539,0,107.48225303988134,16.619276712328766
2025-04-01 14:06:55.465689,-0.06769481301307678,-1.6652,0.14878739666612462,18.4025,1.5975051869869232,0.030549049377441406,0,107.74925077648012,16.623338724373575
2025-04-01 14:06:55.499359,-0.07053668797016144,-1.7301,0.1279190714252002,18.6237,1.6595633120298385,0.03179597854614258,0,108.01920576384585,16.627885
2025-04-01 14:06:55.530829,-0.06784036755561829,-1.6364,0.11602262202991864,18.755,1.5685596324443818,0.029686927795410156,0,108.30091683736384,16.632708390022675
2025-04-01 14:06:55.564118,-0.06775544583797455,-1.6364,0.11775875065929742,18.7366,1.5686445541620255,0.03148627281188965,0,108.56470008162029,16.637468325791854
2025-04-01 14:06:55.597217,-0.06913965940475464,-1.7067,0.10174104989739441,18.9048,1.6375603405952455,0.0314028263092041,0,108.845104898768,16.64258645598194
2025-04-01 14:06:55.631582,-0.06576351821422577,-1.7287,0.07521720564708734,19.1881,1.6629364817857741,0.032701969146728516,0,109.12861761540583,16.648319594594593
2025-04-01 14:06:55.667842,-0.06687121093273163,-1.7287,0.062352921048390075,19.3202,1.6618287890672683,0.034616708755493164,0,109.42531509316078,16.654323820224718
2025-04-01 14:06:55.702838,-0.06842970848083496,-1.7136,0.03384887797222791,19.6109,1.645170291519165,0.03343701362609863,0,109.74234128596322,16.660952914798205
2025-04-01 14:06:55.737104,-0.06952007114887238,-1.6924,0.018133557207455797,19.769,1.6228799288511275,0.03270125389099121,0,110.05153773228929,16.667906040268456
2025-04-01 14:06:55.772554,-0.06750068068504333,-1.7634,-3.048476244392945,20.1095,1.6958993193149567,0.03398895263671875,0,110.3587467383325,16.675588169642857
2025-04-01 14:06:55.807283,-0.06840808689594269,-1.6939,-3.1990655867527638,20.4802,1.6254919131040573,0.033264875411987305,0,110.68337341785896,16.68406169265033
2025-04-01 14:06:55.842006,-0.06685677170753479,-1.6939,-3.279522292323154,20.6762,1.6270432282924652,0.03325486183166504,0,111.00417172634204,16.69293311111111
2025-04-01 14:06:55.877496,-0.06772235035896301,-1.7285,-3.451750285638143,21.0883,1.660777649641037,0.03410983085632324,0,111.33058397373601,16.702678935698447
2025-04-01 14:06:55.913113,-0.06809535622596741,-1.6441,-3.6379362776395414,21.5251,1.5760046437740325,0.03446507453918457,0,111.66987351028715,16.713348008849557
2025-04-01 14:06:55.947829,-0.06865708529949188,-1.6718,-3.7362958437618214,21.7522,1.603142914700508,0.03357696533203125,0,112.01662604376654,16.724471302428256
2025-04-01 14:06:55.984270,-0.06897987425327301,-1.7107,-3.943064395951998,22.2223,1.641720125746727,0.033941030502319336,0,112.37478523765407,16.736581057268722
2025-04-01 14:06:56.020321,-0.06947867572307587,-1.738,-4.1631767263802315,22.712,1.6685213242769241,0.033271074295043945,0,112.74783523702175,16.749713846153846
2025-04-01 14:06:56.056601,-0.07162356376647949,-1.7102,-4.396581737386612,23.2195,1.6385764362335205,0.033557891845703125,0,113.12125715214741,16.763901973684213
2025-04-01 14:06:56.096508,-0.07025541365146637,-1.7102,-4.5177111080473376,23.4793,1.6399445863485336,0.03705286979675293,0,113.50349684577247,16.77859649890591
2025-04-01 14:06:56.237606,-0.07226613163948059,-1.6714,-4.769975373882134,24.0099,1.5991338683605194,0.13811707496643066,0,113.9329393437861,16.79438537117904
2025-04-01 14:06:56.275492,-0.07086460292339325,-1.6931,-5.03401095194749,24.554,1.6222353970766068,0.03474569320678711,0,115.48384900423501,16.811290849673203
2025-04-01 14:06:56.313812,-0.07169130444526672,-1.7024,-5.310160203533064,25.1098,1.6307086955547332,0.03556990623474121,0,115.9046200159922,16.829331086956522
2025-04-01 14:06:56.350443,-0.07009963691234589,-1.7164,-5.452247464695242,25.3916,1.646300363087654,0.033840179443359375,0,116.3394445542421,16.847904338394795
2025-04-01 14:06:56.388424,-0.06966592371463776,-1.7245,-5.745315478527013,25.9624,1.6548340762853622,0.035137176513671875,0,116.76575309069847,16.867632683982688
2025-04-01 14:06:56.425977,-0.07043761014938354,-1.737,-6.049420596523556,26.5414,1.6665623898506166,0.03462505340576172,0,117.21738505382878,16.88852634989201
2025-04-01 14:06:56.464172,-0.07316657900810242,-1.7906,-6.36436591078375,27.1275,1.7174334209918976,0.03558707237243652,0,117.66916835575158,16.910593103448278
2025-04-01 14:06:56.500714,-0.06776933372020721,-1.7564,-7.54133261549288,29.2177,1.6886306662797927,0.03480076789855957,0,118.15709483082426,16.937060000000002
2025-04-01 14:06:56.533787,-0.06972520053386688,-1.8067,-7.898318799689488,29.8219,1.736974799466133,0.03149008750915527,0,118.6419491018288,16.964709871244636
2025-04-01 14:06:56.565444,-0.07029832899570465,-1.7716,-8.18784176395959,30.3033,1.7013016710042954,0.03039693832397461,0,119.08613459903054,16.9932721627409
2025-04-01 14:06:56.601221,-0.06846751272678375,-1.7923,-8.18879988119899,30.3053,1.7238324872732163,0.03440284729003906,0,119.51613732892866,17.021716666666666
2025-04-01 14:06:56.637312,-0.0687410831451416,-1.7525,-8.189867826511968,30.307,1.6837589168548583,0.03473401069641113,0,120.00078040378561,17.050043496801706
2025-04-01 14:06:56.677266,-0.07078778743743896,-1.7609,-8.191062633350288,30.3085,1.690112212562561,0.038411855697631836,0,120.4918952638785,17.078252978723405
2025-04-01 14:06:56.714680,-0.07163034379482269,-1.7609,-8.191546334252164,30.3091,1.6892696562051772,0.03630518913269043,0,121.0267145605379,17.106343949044586
2025-04-01 14:06:56.749784,-0.07001136243343353,-1.6942,-8.192408178969785,30.3109,1.6241886375665664,0.03389096260070801,0,121.53507780022855,17.13431970338983
